,id_spotify,score,title_rs,title_sp,artist_rs,artist_sp
7862,58808,0.911111111111111,Try a Little Tenderness,Try a Little Tenderness,Otis Redding,['Otis Redding']
7335,58126,0.914893617021277,I Only Have Eyes for You,I Only Have Eyes for You,The Flamingos,['The Flamingos']
6536,52556,0.351851851851852,Georgia on My Mind,Georgia On My Mind,Ray Charles,['Brenda Lee']
15252,85517,0.804878048780488,Summertime Blues,Summertime Blues,Eddie Cochran,['Eddie Cochran']
7402,58232,0.794871794871795,Cmon Everybody,C’Mon Everybody,Eddie Cochran,['Eddie Cochran']
18627,105118,0.853658536585366,Folsom Prison Blues,Folsom Prison Blues,Johnny Cash,['Johnny Cash']
16476,93316,0.888888888888889,I Walk the Line,I Walk the Line,Johnny Cash,['Johnny Cash']
7698,58630,0.843137254901961,Wake Up Little Susie,Wake up Little Susie,The Everly Brothers,['The Everly Brothers']
7696,58629,0.813953488372093,Bye Bye Love,Bye Bye Love,The Everly Brothers,['The Everly Brothers']
7670,58604,0.902439024390244,Under the Boardwalk,Under the Boardwalk,The Drifters,['The Drifters']
10806,67026,0.80952380952381,There Goes My Baby,There Goes My Baby,The Drifters,['The Drifters']
17523,99266,0.428571428571429,Money Honey,Ruby Baby,The Drifters,['The Drifters']
7336,58127,0.885714285714286,Mack the Knife,Mack the Knife,Bobby Darin,['Bobby Darin']
1791,12330,0.909090909090909,Great Balls of Fire,Great Balls of Fire,Jerry Lee Lewis,['Jerry Lee Lewis']
7280,58069,0.882352941176471,I Put a Spell on You,I Put a Spell On You,Screamin' Jay Hawkins,"[""Screamin' Jay Hawkins""]"
9604,64330,0.413793103448276,I Cant Stop Loving You,I Can't Stop Loving You,Ray Charles,['Roy Orbison']
7340,58131,0.625,What'd I Say,"What'd I Say, Pt. 1 & 2",Ray Charles,['Ray Charles']
7146,57922,0.736842105263158,I Got a Woman,I've Got a Woman,Ray Charles,['Ray Charles']
7273,58044,0.793103448275862,Im a Man,I'm A Man,Bo Diddley,['Bo Diddley']
7275,58048,0.727272727272727,Bo Diddley,Bo Diddley,Bo Diddley,['Bo Diddley']
7398,58223,0.76,Cupid,Cupid,Sam Cooke,['Sam Cooke']
9147,62189,0.613636363636364,Wonderful World,(What A) Wonderful World,Sam Cooke,['Sam Cooke']
11487,70811,0.771428571428571,Mannish Boy,Mannish Boy,Muddy Waters,['Muddy Waters']
12320,73043,0.777777777777778,Rollin Stone,Rollin' Stone,Muddy Waters,['Muddy Waters']
11089,69978,0.708333333333333,Hoochie Coochie Man,(I'm Your) Hoochie Coochie Man,Muddy Waters,['Muddy Waters']
7355,58144,0.8125,Maybellene,Maybellene,Chuck Berry,['Chuck Berry']
7346,58137,0.853658536585366,Roll Over Beethoven,Roll Over Beethoven,Chuck Berry,['Chuck Berry']
7329,58117,0.833333333333333,Johnny B. Goode,Johnny B. Goode,Chuck Berry,['Chuck Berry']
7517,58421,0.882352941176471,Boom Boom,Boom Boom,John Lee Hooker,['John Lee Hooker']
16499,93462,0.422222222222222,Hit the Road Jack,Blackjack,Ray Charles,['Ray Charles']
7454,58324,0.857142857142857,Runaway,Runaway,Del Shannon,['Del Shannon']
7943,58897,0.875,Respect,Respect,Aretha Franklin,['Aretha Franklin']
8039,59030,0.85,Chain of Fools,Chain of Fools,Aretha Franklin,['Aretha Franklin']
19050,105931,0.754716981132076,Do Right Woman — Do Right Man,"Do Right Woman, Do Right Man",Aretha Franklin,['Aretha Franklin']
14088,81716,0.576923076923077,Long Tall Sally,Long Tall Sally - Take 6,Little Richard,['Little Richard']
16471,92484,0.5625,Good Golly,Good Golly Miss Molly,Little Richard,['Little Richard']
3270,22705,0.791666666666667,The Girl Cant Help It,The Girl Can’t Help It,Little Richard,['Little Richard']
7147,57923,0.581395348837209,Tutti-Frutti,Tutti Frutti,Little Richard,['Little Richard']
7556,58505,0.878787878787879,Ring of Fire,Ring of Fire,Johnny Cash,['Johnny Cash']
7536,58459,0.823529411764706,The Twist,The Twist,Chubby Checker,['Chubby Checker']
8538,59538,0.888888888888889,Higher Ground,Higher Ground,Stevie Wonder,['Stevie Wonder']
596,2183,0.885714285714286,Superstition,Superstition,Stevie Wonder,['Stevie Wonder']
19798,111362,0.568965517241379,I Got You (I Feel Good),I Got You (I Feel Good) - 1964 Version,James Brown,['James Brown']
9903,64896,0.936507936507937,I Never Loved a Man (the Way I Love You),I Never Loved a Man (The Way I Love You),Aretha Franklin,['Aretha Franklin']
12989,76740,0.888888888888889,Sloop John B,Sloop John B,The Beach Boys,['The Beach Boys']
17218,95049,0.777777777777778,In My Room,In My Room,The Beach Boys,['The Beach Boys']
14567,82583,0.615384615384615,Caroline,"Caroline, No",The Beach Boys,['The Beach Boys']
19319,106604,0.80952380952381,California Girls,California Girls,The Beach Boys,['The Beach Boys']
17186,94975,0.804878048780488,Dont Worry Baby,Don't Worry Baby,The Beach Boys,['The Beach Boys']
12919,76675,0.894736842105263,God Only Knows,God Only Knows,The Beach Boys,['The Beach Boys']
13069,76807,0.588235294117647,Good Vibrations,Good Vibrations (Stereo),The Beach Boys,['The Beach Boys']
7786,58726,0.902439024390244,People Get Ready,People Get Ready,The Impressions,['The Impressions']
7239,58030,0.833333333333333,All Shook Up,All Shook Up,Elvis Presley,['Elvis Presley']
19608,109821,0.75,Love Me Tender,Love Me Tender,Elvis Presley,['Elvis Presley']
7380,58174,0.837837837837838,Mystery Train,Mystery Train,Elvis Presley,['Elvis Presley']
8152,59110,0.897435897435897,Suspicious Minds,Suspicious Minds,Elvis Presley,['Elvis Presley']
7215,58022,0.818181818181818,Hound Dog,Hound Dog,Elvis Presley,['Elvis Presley']
7261,58035,0.837837837837838,Dont Be Cruel,Don't Be Cruel,Elvis Presley,['Elvis Presley']
7590,58546,0.866666666666667,In Dreams,In Dreams,Roy Orbison,['Roy Orbison']
7207,58020,0.842105263157895,Jailhouse Rock,Jailhouse Rock,Elvis Presley,['Elvis Presley']
7706,58643,0.882352941176471,Walk On By,Walk on By,Dionne Warwick,['Dionne Warwick']
7674,58608,0.870967741935484,Baby Love,Baby Love,The Supremes,['The Supremes']
4264,30291,0.681818181818182,(I Can't Get No) Satisfaction',(I Can't Get No) Satisfaction - Live,The Rolling Stones,['The Rolling Stones']
11810,71294,0.894736842105263,Wild Horses,Wild Horses,The Rolling Stones,['The Rolling Stones']
8112,59089,0.902439024390244,Gimme Shelter,Gimme Shelter,The Rolling Stones,['The Rolling Stones']
7833,58793,0.904761904761905,Paint it Black,"Paint It, Black",The Rolling Stones,['The Rolling Stones']
13352,77221,0.846153846153846,Sympathy for the Devil,Sympathy For The Devil,The Rolling Stones,['The Rolling Stones']
16184,89541,0.583333333333333,Beast of Burden,Beast Of Burden - Remastered,The Rolling Stones,['The Rolling Stones']
3650,24830,0.577777777777778,Miss You,We Love You,The Rolling Stones,['The Rolling Stones']
13282,77175,0.897435897435897,Brown Sugar,Brown Sugar,The Rolling Stones,['The Rolling Stones']
5502,42011,0.875,Street Fighting Man,Street Fighting Man,The Rolling Stones,['The Rolling Stones']
7967,58929,0.9,Ruby Tuesday,Ruby Tuesday,The Rolling Stones,['The Rolling Stones']
7734,58697,0.875,My Girl,My Girl,The Temptations,['The Temptations']
8365,59301,0.521739130434783,Just My Imagination,Just My Imagination (Running Away With Me),The Temptations,['The Temptations']
9844,64803,0.891891891891892,Visions of Johanna,Visions of Johanna,Bob Dylan,['Bob Dylan']
7788,58729,0.888888888888889,Mr. Tambourine Man,Mr. Tambourine Man,The Byrds,['The Byrds']
18152,100536,0.757575757575758,I Cant Explain,I Can't Explain,The Who,['The Who']
17794,99933,0.866666666666667,My Generation,My Generation,The Who,['The Who']
7777,58722,0.711864406779661,Ooo Baby Baby,Ooo Baby Baby,Smokey Robinson and The Miracles,['Smokey Robinson & The Miracles']
17992,100147,0.426470588235294,Shop Around,More Love,Smokey Robinson and the Miracles,['Smokey Robinson & The Miracles']
7770,58717,0.753623188405797,The Tracks of My Tears,The Tracks Of My Tears,Smokey Robinson and the Miracles,['Smokey Robinson & The Miracles']
7759,58710,0.916666666666667,Unchained Melody,Unchained Melody,The Righteous Brothers,['The Righteous Brothers']
9035,61245,0.870967741935484,You've Lost That Lovin' Feelin'',You've Lost That Lovin' Feelin',The Righteous Brothers,['The Righteous Brothers']
13422,77290,0.91304347826087,Ill Take You There,I'll Take You There,The Staple Singers,['The Staple Singers']
14860,83139,0.866666666666667,Respect Yourself,Respect Yourself,The Staple Singers,['The Staple Singers']
7864,58813,0.603174603174603,Summer in the City,Summer in the City - Remastered,The Lovin' Spoonful,"[""The Lovin' Spoonful""]"
12893,76631,0.92156862745098,Do You Believe in Magic,Do You Believe in Magic?,The Lovin' Spoonful,"[""The Lovin' Spoonful""]"
7676,58609,0.914893617021277,The Times They Are A-Changin,The Times They Are A-Changin',Bob Dylan,['Bob Dylan']
6513,51435,0.72972972972973,Waterloo Sunset,Waterloo Sunset,The Kinks,['The Kinks']
14378,82349,0.355555555555556,You Really Got Me,Louie Louie,The Kinks,['The Kinks']
9817,64706,0.878787878787879,Desolation Row,Desolation Row,Bob Dylan,['Bob Dylan']
7945,58899,0.9,White Rabbit,White Rabbit,Jefferson Airplane,['Jefferson Airplane']
7948,58902,0.909090909090909,Somebody to Love,Somebody to Love,Jefferson Airplane,['Jefferson Airplane']
5492,41974,0.8,Spoonful,Spoonful,Howlin' Wolf,"[""Howlin' Wolf""]"
7893,58848,0.885714285714286,Eight Miles High,Eight Miles High,The Byrds,['The Byrds']
7558,58510,0.891891891891892,Blowin' in the Wind,Blowin' in the Wind,Bob Dylan,['Bob Dylan']
16022,88971,0.916666666666667,Papa Was a Rollin Stone,Papa Was A Rollin' Stone,The Temptations,['The Temptations']
7235,58029,0.85,Heartbreak Hotel,Heartbreak Hotel,Elvis Presley,['Elvis Presley']
7061,57827,0.897435897435897,Blue Suede Shoes,Blue Suede Shoes,Elvis Presley,['Elvis Presley']
11525,70866,0.444444444444444,Rain,Penny Lane,The Beatles,['The Beatles']
20028,111658,0.894736842105263,A Day in the Life,A Day In The Life,The Beatles,['The Beatles']
20025,111658,0.477272727272727,In My Life,A Day In The Life,The Beatles,['The Beatles']
8697,59902,0.441860465116279,Heroes,Heroes - 2017 Remaster,David Bowie,['David Bowie']
8453,59440,0.529411764705882,Ziggy Stardust,Ziggy Stardust - 2012 Remaster,David Bowie,['David Bowie']
8640,59763,0.538461538461538,Young Americans,Young Americans - 2016 Remaster,David Bowie,['David Bowie']
15889,88664,0.875,For What Its Worth,For What It's Worth,Buffalo Springfield,['Buffalo Springfield']
7976,58937,0.875,The Letter,The Letter,The Box Tops,['The Box Tops']
4091,28505,0.522727272727273,Yesterday,Blackbird / Yesterday,The Beatles,['The Beatles']
7560,58520,0.481481481481481,Please Please Me,Please Please Me - Remastered 2009,The Beatles,['The Beatles']
14031,80600,0.6875,Hey Jude,Hey Jude,The Beatles,['The Beatles']
13884,78899,0.444444444444444,She Loves You,She Loves You - Remastered 2009,The Beatles,['The Beatles']
7692,58625,0.527272727272727,Cant Buy Me Love,Can't Buy Me Love - Remastered 2009,The Beatles,['The Beatles']
18039,100269,0.536585365853659,Something,Something - 2019 Mix,The Beatles,['The Beatles']
7772,58718,0.509433962264151,Ticket to Ride,Ticket To Ride - Remastered 2009,The Beatles,['The Beatles']
8267,59188,0.458333333333333,Let It Be,Let It Be - Remastered 2009,The Beatles,['The Beatles']
11535,70866,0.870967741935484,Penny Lane,Penny Lane,The Beatles,['The Beatles']
7957,58910,0.559322033898305,All You Need is Love,All You Need Is Love - Remastered 2009,The Beatles,['The Beatles']
7684,58616,0.535714285714286,A Hard Days Night,A Hard Day's Night - Remastered 2009,The Beatles,['The Beatles']
8104,59088,0.5,Come Together,Come Together - Remastered 2009,The Beatles,['The Beatles']
4475,30935,0.591836734693878,Sweet Jane,Caroline,The Velvet Underground,['The Velvet Underground']
7978,58938,0.673913043478261,Heroin,Heroin,The Velvet Underground,"['The Velvet Underground', 'Nico']"
8575,59599,0.857142857142857,Jolene,Jolene,Dolly Parton,['Dolly Parton']
7804,58742,0.91304347826087,Subterranean Homesick Blues,Subterranean Homesick Blues,Bob Dylan,['Bob Dylan']
413,1737,0.927272727272727,With a Little Help From My Friends,With A Little Help From My Friends,The Beatles,['The Beatles']
7992,58960,0.9,Ode to Billie Joe,Ode To Billie Joe,Bobbie Gentry,['Bobbie Gentry']
10212,65245,0.48936170212766,Moondance,Moondance - 2013 Remaster,Van Morrison,['Van Morrison']
8190,59140,0.891891891891892,Both Sides Now,Both Sides Now,Joni Mitchell,['Joni Mitchell']
8583,59638,0.866666666666667,Help Me,Help Me,Joni Mitchell,['Joni Mitchell']
14702,82812,0.613636363636364,Stand!,Stand!,Sly and the Family Stone,['Sly & The Family Stone']
7450,58315,0.916666666666667,Cant Help Falling in Love,Can't Help Falling in Love,Elvis Presley,['Elvis Presley']
446,1849,0.924528301886792,The Night They Drove Old Dixie Down,The Night They Drove Old Dixie Down,The Band,['The Band']
7226,58026,0.806451612903226,Peggy Sue,Peggy Sue,Buddy Holly,['Buddy Holly']
8336,59284,0.857142857142857,Baba ORiley,Baba O'Riley,The Who,['The Who']
9904,64898,0.888888888888889,I Can See For Miles,I Can See For Miles,The Who,['The Who']
8174,59120,0.914893617021277,Whipping Post,Whipping Post,The Allman Brothers Band,['The Allman Brothers Band']
8421,59387,0.837837837837838,Lets Stay Together,Let's Stay Together,Al Green,['Al Green']
7961,58927,0.514285714285714,Soul Man,Soul Man,Sam and Dave,['Sam & Dave']
8427,59400,0.85,Smoke on the Water,Smoke on the Water,Deep Purple,['Deep Purple']
11644,71085,0.48936170212766,Ramble On,Ramble On - 2012 Remaster,Led Zeppelin,['Led Zeppelin']
8335,59282,0.870967741935484,Tiny Dancer,Tiny Dancer,Elton John,['Elton John']
16024,88997,0.484848484848485,Rocket Man,Amy,Elton John,['Elton John']
7755,58706,0.720588235294118,Dancing in the Street,Dancing In The Street,Martha Reeves and the Vandellas,['Martha Reeves & The Vandellas']
10914,68096,0.813953488372093,The Harder They Come,The Harder They Come,Jimmy Cliff,['Jimmy Cliff']
4361,30609,0.591836734693878,Into the Mystic,Into the Mystic - Take 11,Van Morrison,['Van Morrison']
8609,59703,0.891891891891892,Tangled Up in Blue,Tangled up in Blue,Bob Dylan,['Bob Dylan']
15259,85625,0.738095238095238,Candle in the Wind,Candle In The Wind 1997,Elton John,['Elton John']
14821,82997,0.885714285714286,What's Going On,What's Going On,Marvin Gaye,['Marvin Gaye']
8599,59684,0.894736842105263,Wish You Were Here,Wish You Were Here,Pink Floyd,['Pink Floyd']
8772,60082,0.888888888888889,Comfortably Numb,Comfortably Numb,Pink Floyd,['Pink Floyd']
8484,59485,0.862068965517241,Piano Man,Piano Man,Billy Joel,['Billy Joel']
8870,60400,0.885714285714286,Sexual Healing,Sexual Healing,Marvin Gaye,['Marvin Gaye']
10392,65502,0.885714285714286,Lets Get It On,Let's Get It On,Marvin Gaye,['Marvin Gaye']
566,2131,0.636363636363636,Gloria,Gloria,Them,['Them']
8436,59414,0.878787878787879,Schools Out,School's Out,Alice Cooper,['Alice Cooper']
10243,65295,0.878787878787879,Im Eighteen,I'm Eighteen,Alice Cooper,['Alice Cooper']
10891,67729,0.764705882352941,Beat It,Beat It,Michael Jackson,['Michael Jackson']
8861,60382,0.837837837837838,Billie Jean,Billie Jean,Michael Jackson,['Michael Jackson']
572,2161,0.925925925925926,You Are the Sunshine of My Life,You Are The Sunshine Of My Life,Stevie Wonder,['Stevie Wonder']
8470,59457,0.846153846153846,Thirteen,Thirteen,Big Star,['Big Star']
8646,59784,0.911111111111111,(Dont Fear) the Reaper,(Don't Fear) The Reaper,Blue Öyster Cult,['Blue Öyster Cult']
10390,65495,0.611111111111111,That Lady (Part 1 and 2),"That Lady, Pts. 1 & 2",The Isley Brothers,['The Isley Brothers']
8178,59124,0.904761904761905,Its Your Thing,It's Your Thing,The Isley Brothers,['The Isley Brothers']
8569,59579,0.870967741935484,Free Bird,Free Bird,Lynyrd Skynyrd,['Lynyrd Skynyrd']
8504,59522,0.925925925925926,Killing Me Softly With His Song,Killing Me Softly with His Song,Roberta Flack,['Roberta Flack']
8333,59277,0.9,Weve Only Just Begun,We've Only Just Begun,Carpenters,['Carpenters']
7266,58042,0.902439024390244,Sweet Little Sixteen,Sweet Little Sixteen,Chuck Berry,['Chuck Berry']
7199,58016,0.866666666666667,Brown Eyed Handsome Man,Brown Eyed Handsome Man,Chuck Berry,['Chuck Berry']
3242,22203,0.333333333333333,Mississippi,Mississippi,Bob Dylan,['Train']
9846,64811,0.885714285714286,Just Like a Woman,Just Like a Woman,Bob Dylan,['Bob Dylan']
7744,58702,0.897435897435897,Like a Rolling Stone,Like a Rolling Stone,Bob Dylan,['Bob Dylan']
8339,59286,0.894736842105263,Aint No Sunshine,Ain't No Sunshine,Bill Withers,['Bill Withers']
8423,59391,0.875,Lean on Me,Lean on Me,Bill Withers,['Bill Withers']
16120,89290,0.92156862745098,Blue Eyes Crying in the Rain,Blue Eyes Crying in the Rain,Willie Nelson,['Willie Nelson']
8590,59648,0.549019607843137,"No Woman, No Cry",No Woman No Cry,Bob Marley,['Bob Marley & The Wailers']
10530,65875,0.833333333333333,Fire and Rain,Fire and Rain,James Taylor,['James Taylor']
8680,59862,0.891891891891892,Roadrunner,Roadrunner,The Modern Lovers,['The Modern Lovers']
15928,88770,0.63265306122449,My Sweet Lord,My Sweet Lord (2000) - 2014 Mix,George Harrison,['George Harrison']
8777,60090,0.85,How Deep Is Your Love,How Deep Is Your Love,Bee Gees,['Bee Gees']
8740,59994,0.866666666666667,Surrender,Surrender,Cheap Trick,['Cheap Trick']
20414,112679,0.866666666666667,Alison,Alison,Elvis Costello,['Elvis Costello']
8735,59986,0.853658536585366,Running on Empty,Running on Empty,Jackson Browne,['Jackson Browne']
15045,83651,0.878787878787879,I Feel Love,I Feel Love,Donna Summer,['Donna Summer']
10639,66147,0.448598130841121,(Whats So Funny About) Peace,"(What's So Funny 'Bout) Peace, Love And Understanding",Elvis Costello and the Attractions,['Elvis Costello & The Attractions']
17415,96631,0.655737704918033,I Shot the Sheriff,I Shot The Sheriff,Bob Marley and the Wailers,['Bob Marley & The Wailers']
8754,60049,0.9,Da Ya Think Im Sexy?,Da Ya Think I'm Sexy?,Rod Stewart,['Rod Stewart']
8175,59122,0.583333333333333,Heartbreaker,Heartbreaker - 1990 Remaster,Led Zeppelin,['Led Zeppelin']
10267,65350,0.48936170212766,Black Dog,Black Dog - 1990 Remaster,Led Zeppelin,['Led Zeppelin']
10532,65896,0.866666666666667,Stayin Alive,Stayin' Alive,Bee Gees,['Bee Gees']
8920,60583,0.904761904761905,Born in the U.S.A.,Born in the U.S.A.,Bruce Springsteen,['Bruce Springsteen']
8340,59287,0.512820512820513,Imagine,Imagine - 2010 Mix,John Lennon,['John Lennon']
8097,59085,0.92156862745098,Fortunate Son,Fortunate Son,Creedence Clearwater Revival,['Creedence Clearwater Revival']
8137,59104,0.916666666666667,Proud Mary,Proud Mary,Creedence Clearwater Revival,['Creedence Clearwater Revival']
8305,59229,0.929824561403509,Wholl Stop the Rain,Who'll Stop The Rain,Creedence Clearwater Revival,['Creedence Clearwater Revival']
4945,36209,0.924528301886792,Bad Moon Rising,Bad Moon Rising,Creedence Clearwater Revival,['Creedence Clearwater Revival']
1745,10498,0.757575757575758,Paranoid,Paranoid,Black Sabbath,['Black Sabbath']
8275,59197,0.458333333333333,Iron Man,Iron Man - 2014 Remaster,Black Sabbath,['Black Sabbath']
8850,60292,0.698412698412698,I Love Rock N Roll,I Love Rock 'N Roll,Joan Jett and the Blackhearts,['Joan Jett & The Blackhearts']
20513,113747,0.538461538461538,I Want to Hold Your Hand,I Want To Hold Your Hand - Remastered 2009,The Beatles,['The Beatles']
19463,107274,0.870967741935484,Super Freak,Super Freak,Rick James,['Rick James']
8289,59213,0.716666666666667,Bridge Over Troubled Water,Bridge Over Troubled Water,Simon and Garfunkel,['Simon & Garfunkel']
11586,70927,0.459459459459459,Whiter Shade of Pale,A Whiter Shade of Pale - Original Single Version,Procol Harum,['Procol Harum']
20467,113136,0.6,1999,Free,Prince,['Prince']
9014,61081,0.851851851851852,Love Shack,Love Shack,The B-52's,"[""The B-52's""]"
20533,114136,0.507936507936508,Your Cheatin Heart,Your Cheatin' Heart,Hank Williams,"['Hank Williams', 'Drifting Cowboys']"
12316,73027,0.549019607843137,Personal Jesus,Personal Jesus - Acoustic,Depeche Mode,['Depeche Mode']
5793,43709,0.348837209302326,William,Ask - 2011 Remaster,The Smiths,['The Smiths']
8615,59708,0.897435897435897,Thunder Road,Thunder Road,Bruce Springsteen,['Bruce Springsteen']
15302,86143,0.891891891891892,The Rising,The Rising,Bruce Springsteen,['Bruce Springsteen']
8601,59687,0.894736842105263,Born to Run,Born to Run,Bruce Springsteen,['Bruce Springsteen']
8970,60876,0.666666666666667,Sweet Child OMine,Sweet Child O' Mine,Guns n' Roses,"[""Guns N' Roses""]"
19496,107865,0.885714285714286,Paradise City,Paradise City,Guns N' Roses,"[""Guns N' Roses""]"
8971,60878,0.906976744186046,Welcome to the Jungle,Welcome To The Jungle,Guns N' Roses,"[""Guns N' Roses""]"
8598,59683,0.875,Sweet Emotion,Sweet Emotion,Aerosmith,['Aerosmith']
8481,59483,0.851851851851852,Dream On,Dream On,Aerosmith,['Aerosmith']
9029,61162,0.866666666666667,Like A Prayer,Like a Prayer,Madonna,['Madonna']
7690,58622,0.902439024390244,A Change Is Gonna Come,A Change Is Gonna Come,Sam Cooke,['Sam Cooke']
4658,32691,0.451612903225806,In Bloom,Lithium,Nirvana,['Nirvana']
17428,96700,0.333333333333333,One,The Fly,U2,['U2']
9054,61307,0.911111111111111,I Cant Make You Love Me,I Can't Make You Love Me,Bonnie Raitt,['Bonnie Raitt']
9042,61279,0.870967741935484,Losing My Religion,Losing My Religion,R.E.M.,['R.E.M.']
8722,59969,0.870967741935484,Marquee Moon,Marquee Moon,Television,['Television']
13912,79360,0.866666666666667,All Apologies,All Apologies,Nirvana,['Nirvana']
7049,56683,0.722222222222222,Heart of Gold,Heart of Gold,Neil Young,['Neil Young']
9096,61587,0.866666666666667,Sabotage,Sabotage,Beastie Boys,['Beastie Boys']
12027,71730,0.875,Bohemian Rhapsody,Bohemian Rhapsody,Queen,['Queen']
2503,15663,0.909090909090909,Summer Babe (Winter Version),Summer Babe (Winter Version),Pavement,['Pavement']
9182,62570,0.878787878787879,American Idiot,American Idiot,Green Day,['Green Day']
10901,67863,0.885714285714286,Paranoid Android,Paranoid Android,Radiohead,['Radiohead']
9116,61731,0.891891891891892,Fake Plastic Trees,Fake Plastic Trees,Radiohead,['Radiohead']
2562,17119,0.714285714285714,Juicy,Juicy,The Notorious B.I.G.,['The Notorious B.I.G.']
9004,60976,0.870967741935484,Fast Car,Fast Car,Tracy Chapman,['Tracy Chapman']
10622,66101,0.714285714285714,Another Brick in the Wall Part 2,"Another Brick in the Wall, Pt. 3",Pink Floyd,['Pink Floyd']
7954,58906,0.476190476190476,The Wind Cries Mary,The Wind Cries Mary,The Jimi Hendrix Experience,['Jimi Hendrix']
9038,61273,0.875,Enter Sandman,Enter Sandman,Metallica,['Metallica']
929,4758,0.783783783783784,How Soon Is Now?,How Soon Is Now?,The Smiths,['The Smiths']
9167,62392,0.833333333333333,Clocks,Clocks,Coldplay,['Coldplay']
8563,59576,0.482758620689655,Get Up,"Get Up, Stand Up",Bob Marley and the Wailers,['Bob Marley & The Wailers']
10676,66291,0.76,Call Me,Call Me,Blondie,['Blondie']
9178,62518,0.76,Maps,Maps,Yeah Yeah Yeahs,['Yeah Yeah Yeahs']
15216,84995,0.868852459016393,Get Up (I Feel Like Being a) Sex Machine,Get Up (I Feel Like Being A) Sex Machine,James Brown,['James Brown']
9170,62467,0.909090909090909,Seven Nation Army,Seven Nation Army,The White Stripes,['The White Stripes']
17394,96144,0.638297872340426,Come Go With Me,Come Go with Me,The Dell-Vikings,['The Del-Vikings']
5865,45347,0.870967741935484,Jesus Walks,Jesus Walks,Kanye West,['Kanye West']
12704,76291,0.62962962962963,Oh,Leah,Roy Orbison,['Roy Orbison']
7509,58413,0.785714285714286,Crying,Crying,Roy Orbison,['Roy Orbison']
965,5639,0.477272727272727,Layla,Layla,Derek and the Dominos,['Derek & The Dominos']
967,6411,0.846153846153846,Blue Suede Shoes,Blue Suede Shoes,Carl Perkins,['Carl Perkins']
7456,58327,0.837837837837838,Only the Lonely,Only the Lonely,Roy Orbison,['Roy Orbison']
9313,63936,0.8125,Jim Dandy,Jim Dandy,Lavern Baker,['LaVern Baker']
7368,58166,0.85,Lonely Teardrops,Lonely Teardrops,Jackie Wilson,['Jackie Wilson']
20521,114017,0.813953488372093,The Great Pretender,The Great Pretender,The Platters,['The Platters']
7469,58346,0.828571428571429,Spanish Harlem,Spanish Harlem,Ben E. King,['Ben E. King']
16405,91497,0.859649122807018,Everybody Needs Somebody to Love,Everybody Needs Somebody to Love,Solomon Burke,['Solomon Burke']
10869,67467,0.794871794871795,Mustang Sally,Mustang Sally,Wilson Pickett,['Wilson Pickett']
10870,67481,0.846153846153846,In the Still of the Night,In The Still of the Night,The Five Satins,['The Five Satins']
9833,64781,0.91304347826087,Ill Feel a Whole Lot Better,I'll Feel a Whole Lot Better,The Byrds,['The Byrds']
9825,64743,0.891891891891892,Highway 61 Revisited,Highway 61 Revisited,Bob Dylan,['Bob Dylan']
13885,78942,0.843137254901961,Gimme Some Lovin,Gimme Some Lovin',The Spencer Davis Group,['The Spencer Davis Group']
7895,58857,0.678571428571429,California Dreamin,California Dreamin',The Mamas and the Papas,['The Mamas & The Papas']
10173,65201,0.681818181818182,Hot Fun in the Summertime,Hot Fun in the Summertime,Sly and the Family Stone,['Sly & The Family Stone']
1346,7565,0.5,The Weight,The Weight - Remixed 2018,The Band,['The Band']
8197,59144,0.9,I Wanna Be Your Dog,I Wanna Be Your Dog,The Stooges,['The Stooges']
8778,60091,0.863636363636364,Spirit in the Sky,Spirit in the Sky,Norman Greenbaum,['Norman Greenbaum']
18567,103484,0.761904761904762,Maybe Im Amazed,Maybe I'm Amazed,Paul McCartney,['Paul McCartney']
9161,62340,0.767441860465116,O-o-h Child,O-o-h Child,The Five Stairsteps,['The Five Stairsteps']
7861,58804,0.91304347826087,When a Man Loves a Woman,When a Man Loves a Woman,Percy Sledge,['Percy Sledge']
7987,58951,0.846153846153846,The End,The End,The Doors,['The Doors']
3823,25184,0.351351351351351,September Gurls,ST 100/6,Big Star,['Big Star']
10441,65572,0.904761904761905,Personality Crisis,Personality Crisis,New York Dolls,['New York Dolls']
11794,71256,0.571428571428571,Stairway to Heaven,Stairway to Heaven - 2012 Remaster,Led Zeppelin,['Led Zeppelin']
8709,59937,0.870967741935484,Flash Light,Flash Light,Parliament,['Parliament']
16159,89455,0.914893617021277,Watching the Detectives,Watching The Detectives,Elvis Costello,['Elvis Costello']
16036,89011,0.479166666666667,Sail Away,Sail Away - Remastered,Randy Newman,['Randy Newman']
19485,107777,0.355555555555556,Young Blood,Yakety Yak,The Coasters,['The Coasters']
8753,60040,0.870967741935484,Heart of Glass,Heart Of Glass,Blondie,['Blondie']
13750,77980,0.771428571428571,London Calling,London Calling,The Clash,['The Clash']
13756,78006,0.875,Train in Vain,Train in Vain,The Clash,['The Clash']
1593,8588,0.390243902439024,Complete Control,Hateful,The Clash,['The Clash']
8600,59685,0.818181818181818,Walk This Way,Walk This Way,Aerosmith,['Aerosmith']
1607,8683,0.318181818181818,Walk This Way,Walk This Way,Run-DMC,['Aerosmith']
11715,71145,0.813953488372093,Many Rivers to Cross,Many Rivers To Cross,Jimmy Cliff,['Jimmy Cliff']
19488,107813,0.9,Bizarre Love Triangle,Bizarre Love Triangle,New Order,['New Order']
2435,14729,0.862068965517241,Sunday Bloody Sunday,Sunday Bloody Sunday,U2,['U2']
10733,66631,0.888888888888889,Pride (In the Name of Love),Pride (In The Name Of Love),U2,['U2']
19509,107927,0.92156862745098,I Still Havent Found What Im Looking For,I Still Haven't Found What I'm Looking For,U2,['U2']
10808,67046,0.891891891891892,Bring the Noise,Bring The Noise,Public Enemy,['Public Enemy']
9018,61101,0.909090909090909,Rockin in the Free World,Rockin' in the Free World,Neil Young,['Neil Young']
1705,9743,0.829787234042553,Goodbye Yellow Brick Road,Goodbye Yellow Brick Road,Elton John,['Elton John']
5311,40878,0.923076923076923,Whole Lotta Shakin Going On,Whole Lotta Shakin' Going On,Jerry Lee Lewis,['Jerry Lee Lewis']
9179,62534,0.833333333333333,99 Problems,99 Problems,Jay-Z,['JAY-Z']
9174,62491,0.578947368421053,Ignition (Remix),Ignition - Remix,R. Kelly,['R. Kelly']
17473,97272,0.771428571428571,Pictures of You,Pictures of You,The Cure,['The Cure']
7060,57724,0.73972602739726,(Were Gonna) Rock Around the Clock,(We're Gonna) Rock Around The Clock,Bill Haley and His Comets,['Bill Haley & His Comets']
7518,58423,0.625,The Loco-Motion,The Locomotion,Little Eva,['Little Eva']
7700,58638,0.894736842105263,Chapel of Love,Chapel of Love,The Dixie Cups,['The Dixie Cups']
5266,38877,0.394736842105263,Crazy,Faded Love,Patsy Cline,['Patsy Cline']
7894,58849,0.631578947368421,96 Tears,96 Tears,? and the Mysterians,['? & The Mysterians']
7452,58321,0.355263157894737,I Fall to Pieces,I Fall To Pieces - Single Version,Patsy Cline,"['Patsy Cline', 'The Jordanaires']"
7972,58931,0.634146341463415,Good Lovin,Groovin',The Young Rascals,['The Young Rascals']
7979,58939,0.758064516129032,Im Waiting for the Man,I'm Waiting For The Man,The Velvet Underground,"['The Velvet Underground', 'Nico']"
20102,111774,0.466666666666667,Oh,There Is,The Dells,['The Dells']
8026,59015,0.701754385964912,Dance to the Music,Dance to the Music,Sly and the Family Stone,['Sly & The Family Stone']
9985,65017,0.508474576271186,Tighten Up,"Tighten Up, Pt. 1",Archie Bell and The Drells,['Archie Bell & The Drells']
16334,90535,0.84,Save the Last Dance for Me,Save the Last Dance for Me,The Drifters,['The Drifters']
8019,59012,0.535714285714286,Wichita Lineman,Wichita Lineman - Remastered 2001,Glen Campbell,['Glen Campbell']
8441,59435,0.909090909090909,All the Young Dudes,All the Young Dudes,Mott the Hoople,['Mott The Hoople']
13488,77352,0.653061224489796,Pressure Drop,Pressure Drop,Toots and the Maytals,['Toots & The Maytals']
8494,59500,0.904761904761905,Knockin on Heavens Door,Knockin' On Heaven's Door,Bob Dylan,['Bob Dylan']
2351,14033,0.307692307692308,Wind and Fire,"Earth, Wind & Fire",Earth,"['Earth, Wind & Fire']"
8819,60194,0.696428571428571,Redemption Song,Redemption Song,Bob Marley and the Wailers,['Bob Marley & The Wailers']
2431,14712,0.833333333333333,New Years Day,New Year's Day,U2,['U2']
8903,60491,0.595744680851064,Pink Houses,Pink Houses,John Cougar Mellencamp,['John Mellencamp']
8734,59985,0.785714285714286,Roxanne,Roxanne,The Police,['The Police']
8977,60886,0.882352941176471,Just Like Heaven,Just like Heaven,The Cure,['The Cure']
9033,61193,0.794871794871795,Fight the Power,Fight The Power,Public Enemy,['Public Enemy']
2497,15527,0.875,Come As You Are,Come As You Are,Nirvana,['Nirvana']
20613,115603,0.772727272727273,Tell It Like It Is,Tell It Like It Is,Aaron Neville,['Aaron Neville']
9097,61608,0.875,Hallelujah,Hallelujah,Jeff Buckley,['Jeff Buckley']
9180,62555,0.826086956521739,Hey Ya!,Hey Ya!,OutKast,['OutKast']
9094,61582,0.851851851851852,Buddy Holly,Buddy Holly,Weezer,['Weezer']
10915,68155,0.36,Loser,Debra,Beck,['Beck']
9168,62398,0.902439024390244,Cry Me a River,Cry Me a River,Justin Timberlake,['Justin Timberlake']
11649,71094,0.555555555555556,Whole Lotta Love,Whole Lotta Love - 2012 Remaster,Led Zeppelin,['Led Zeppelin']
9153,62300,0.818181818181818,One More Time,One More Time,Daft Punk,['Daft Punk']
11151,70108,0.487179487179487,La Bamba,Framed,Ritchie Valens,['Ritchie Valens']
7337,58128,0.555555555555556,Aint It a Shame,Ain't That A Shame,Fats Domino,['Fats Domino']
7349,58142,0.833333333333333,Blueberry Hill,Blueberry Hill,Fats Domino,['Fats Domino']
7686,58617,0.906976744186046,Where Did Our Love Go,Where Did Our Love Go,The Supremes,['The Supremes']
13708,77847,0.891891891891892,I Will Survive,I Will Survive,Gloria Gaynor,['Gloria Gaynor']
8570,59581,0.902439024390244,Sweet Home Alabama,Sweet Home Alabama,Lynyrd Skynyrd,['Lynyrd Skynyrd']
7453,58322,0.846153846153846,The Wanderer,The Wanderer,Dion,['Dion']
8364,59300,0.894736842105263,Tired of Being Alone,Tired of Being Alone,Al Green,['Al Green']
17475,97303,0.813953488372093,Got My Mojo Working,Got My Mojo Working,Muddy Waters,['Muddy Waters']
14693,82800,0.877551020408163,Son of a Preacher Man,Son of a Preacher Man,Dusty Springfield,['Dusty Springfield']
7930,58884,0.716666666666667,River Deep - Mountain High,River Deep - Mountain High,Ike and Tina Turner,['Ike & Tina Turner']
13685,77769,0.870967741935484,We Will Rock You,We Will Rock You,Queen,['Queen']
15227,85074,0.891891891891892,Tears in Heaven,Tears in Heaven,Eric Clapton,['Eric Clapton']
7451,58316,0.851851851851852,Runaround Sue,Runaround Sue,Dion,['Dion']
9145,62186,0.5,Stan,Stan,Eminem feat. Dido,"['Eminem', 'Dido']"
9152,62298,0.866666666666667,Last Nite,Last Nite,The Strokes,['The Strokes']
9181,62569,0.902439024390244,Since U Been Gone,Since U Been Gone,Kelly Clarkson,['Kelly Clarkson']
12345,73219,0.843137254901961,Whats Love Got to Do With It,What's Love Got to Do with It,Tina Turner,['Tina Turner']
11596,70938,0.85,Positively 4th Street,Positively 4th Street,Bob Dylan,['Bob Dylan']
16399,91369,0.849056603773585,Remember (Walkin in the Sand),Remember (Walkin' In The Sand),The Shangri-Las,['The Shangri-Las']
11451,70753,0.626865671641791,We Gotta Get Out of This Place,We Gotta Get Out Of This Place (US Version),The Animals,['The Animals']
20519,113993,0.9,Smells Like Teen Spirit,Smells Like Teen Spirit,Nirvana,['Nirvana']
8425,59396,0.897435897435897,Walk on the Wild Side,Walk On the Wild Side,Lou Reed,['Lou Reed']
16417,91601,0.591836734693878,Rappers Delight,Rapper's Delight,Sugarhill Gang,['The Sugarhill Gang']
9125,61828,0.410714285714286,Earth Angel,Earth Angel (Will You Be Mine),The Penguins,['The Penguins']
9034,61195,0.6875,Nothing Compares 2 U,Nothing Compares 2 U,Sinead O'Connor,"[""Sinéad O'Connor""]"
20482,113255,0.538461538461538,Sweet Dreams (Are Made of This),Sweet Dreams (Are Made of This),Eurythmics,"['Eurythmics', 'Annie Lennox', 'Dave Stewart']"
8211,59157,0.885714285714286,The Thrill is Gone,The Thrill Is Gone,B.B. King,['B.B. King']
7802,58741,0.6,Nowhere to Run,Nowhere To Run,Martha and the Vandellas,['Martha Reeves & The Vandellas']
8017,59006,0.566265060240964,Piece of My Heart,Piece of My Heart,Big Brother and the Holding Company,"['Big Brother & The Holding Company', 'Janis Joplin']"
7758,58708,0.604651162790698,I Got You Babe,I Got You Babe,Sonny and Cher,['Sonny & Cher']
7940,58896,0.326923076923077,Hey Joe,Hey Joe,The Jimi Hendrix Experience,['Jimi Hendrix']
8004,58986,0.514705882352941,All Along the Watchtower,All Along the Watchtower,The Jimi Hendrix Experience,['Jimi Hendrix']
14852,83136,0.644444444444444,Tumbling Dice,Tumbling Dice,Rolling Stones,['The Rolling Stones']
4597,31541,0.322033898305085,(White Man) In Hammersmith Palais,The Man In Me,The Clash,['The Clash']
6699,53145,0.92156862745098,(Sittin' on) the Dock of the Bay,(Sittin' On) The Dock of the Bay,Otis Redding,['Otis Redding']
8812,60180,0.851851851851852,Back in Black,Back In Black,AC/DC,['AC/DC']
9199,62904,0.8,Time to Pretend,Time to Pretend,MGMT,['MGMT']
10912,68025,0.528571428571429,I Fought the Law,I Fought the Law - Single Version,The Bobby Fuller Four,['The Bobby Fuller Four']
12696,76204,0.857142857142857,Tonights the Night,Tonight's The Night,The Shirelles,['The Shirelles']
9055,61314,0.862068965517241,Say It Loud - Im Black and Im Proud,Say It Loud - I'm Black And I'm Proud,James Brown,['James Brown']
7932,58890,0.4,Purple Haze,Purple Haze,The Jimi Hendrix Experience,['Jimi Hendrix']
6452,49452,0.80952380952381,Sheena Is a Punk Rocker,Sheena Is a Punk Rocker,Ramones,['Ramones']
8716,59951,0.652173913043478,Anarchy in the U.K.,Anarchy in the U.K.,The Sex Pistols,['Sex Pistols']
20481,113242,0.866666666666667,Radio Free Europe,Radio Free Europe,R.E.M.,['R.E.M.']
11505,70843,0.85,Walk Away Renee,Walk Away Renee,The Left Banke,['The Left Banke']
8009,58993,0.84,White Room,White Room,Cream,['Cream']
8647,59786,0.851851851851852,Dancing Queen,Dancing Queen,Abba,['ABBA']
9130,61876,0.9,Bitter Sweet Symphony,Bitter Sweet Symphony,The Verve,['The Verve']
17378,95824,0.507042253521127,The Message,Scorpio,Grandmaster Flash and the Furious Five,['Grandmaster Flash & The Furious Five']
18524,102513,0.833333333333333,Papas Got A Brand New Bag,Papa's Got A Brand New Bag,James Brown,['James Brown']
7959,58913,0.363636363636364,Foxey Lady,Foxey Lady,The Jimi Hendrix Experience,['Jimi Hendrix']
7946,58901,0.875,Light My Fire,Light My Fire,The Doors,['The Doors']
10667,66243,0.888888888888889,Thats Entertainment,That's Entertainment,The Jam,['The Jam']
18572,103612,0.769230769230769,In Da Club,In Da Club,50 Cent,['50 Cent']
16469,92466,0.84,Paper Planes,Paper Planes,M.I.A.,['M.I.A.']
7879,58819,0.866666666666667,Wild Thing,Wild Thing,The Troggs,['The Troggs']
8013,59000,0.924528301886792,I Heard It Through the Grapevine,I Heard It Through The Grapevine,Marvin Gaye,['Marvin Gaye']
19454,107250,0.703703703703704,Love Will Tear Us Apart,"Love Will Tear Us Apart (12"" Version)",Joy Division,['Joy Division']
6523,52249,0.403508771929825,Walking in the Rain,Just Walking In the Rain,The Ronettes,['The Champs']
7980,58940,0.66,You Keep Me Hanging On,You Keep Me Hangin' On,The Supremes,['The Supremes']
20603,115259,0.639344262295082,Standing in the Shadows of Love,Standing In The Shadows Of Love,The Four Tops,['Four Tops']
20440,112874,0.8125,Blitzkrieg Bop,Blitzkrieg Bop,Ramones,['Ramones']
17898,100080,0.91304347826087,Strawberry Fields Forever,Strawberry Fields Forever,The Beatles,['The Beatles']
7225,58023,0.42,Everyday,Everyday,Buddy Holly and the Crickets,['Buddy Holly']
12549,75883,0.525423728813559,That'll Be the Day,That'll Be The Day,Buddy Holly and the Crickets,['The Crickets']
7251,58033,0.638297872340426,Smokestack Lightning,Smokestack Lightnin',Howlin' Wolf,"[""Howlin' Wolf""]"
7264,58038,0.4375,Rave On,Rave On,Buddy Holly and the Crickets,['Buddy Holly']
7508,58407,0.638297872340426,Green Onions,Green Onions,Booker T. and the MG's,"[""Booker T. & the M.G.'s""]"
14841,83102,0.631578947368421,The Sounds of Silence,The Sounds of Silence,Simon and Garfunkel,['Simon & Garfunkel']
16796,94101,0.918367346938776,Dont Let Me Be Misunderstood,Don't Let Me Be Misunderstood,The Animals,['The Animals']
7741,58700,0.342857142857143,Cant Help Myself,"I Can't Help Myself (Sugar Pie, Honey Bunch)",The Four Tops,['Four Tops']
7757,58707,0.643835616438356,Norwegian Wood (This Bird Has Flown),Norwegian Wood (This Bird Has Flown) - Remastered 2009,The Beatles,['The Beatles']
7762,58712,0.647058823529412,Baby I Need Your Loving,Baby I Need Your Loving,The Four Tops,['Four Tops']
7775,58721,0.833333333333333,Shes Not There,She's Not There,The Zombies,['The Zombies']
7939,58895,0.375,Little Wing,Little Wing,The Jimi Hendrix Experience,['Jimi Hendrix']
7960,58919,0.764705882352941,(Your Love Keeps Lifting Me) Higher and Higher,(Your Love Keeps Lifting Me) Higher & Higher,Jackie Wilson,['Jackie Wilson']
7973,58932,0.454545454545455,Alone Again Or,Alone Again Or - 2015 Remaster,Love,['Love']
8326,59259,0.572916666666667,Thank You (Falettinme Be Mice Elf Agin),Thank You (Falettinme Be Mice Elf Agin) - single master,Sly and the Family Stone,['Sly & The Family Stone']
8439,59423,0.888888888888889,Love and Happiness,Love and Happiness,Al Green,['Al Green']
8489,59494,0.738461538461539,Midnight Train to Georgia,Midnight Train to Georgia,Gladys Knight and the Pips,['Gladys Knight & The Pips']
8639,59761,0.424242424242424,Cortez the Killer,Cortez the Killer - 2016 Remaster,Neil Young,"['Neil Young', 'Crazy Horse']"
15036,83584,0.381818181818182,Hotel California,Hotel California - 2013 Remaster,The Eagles,['Eagles']
8752,60034,0.885714285714286,One Way or Another,One Way Or Another,Blondie,['Blondie']
8771,60080,0.862068965517241,Highway to Hell,Highway to Hell,AC/DC,['AC/DC']
8832,60254,0.918367346938776,He Stopped Loving Her Today,He Stopped Loving Her Today,George Jones,['George Jones']
8863,60385,0.583333333333333,Should I Stay or Should I Go,Should I Stay or Should I Go - Remastered,The Clash,['The Clash']
8887,60466,0.619718309859155,Planet Rock,Planet Rock,Afrika Bambaataa and the Soul Sonic Force,"['Afrika Bambaataa', 'The Soulsonic Force']"
8898,60479,0.902439024390244,Every Breath You Take,Every Breath You Take,The Police,['The Police']
8913,60578,0.894736842105263,The Boys of Summer,The Boys Of Summer,Don Henley,['Don Henley']
8924,60585,0.622950819672131,I Want to Know What Love Is,I Want to Know What Love Is - 1999 Remaster,Foreigner,['Foreigner']
8925,60587,0.866666666666667,When Doves Cry,When Doves Cry,Prince,['Prince']
10796,66955,0.875,Sign O The Times,Sign 'O' the Times,Prince,['Prince']
8959,60783,0.30952380952381,Kiss,Kiss,Prince and the Revolution,['Prince']
8964,60796,0.405405405405405,Push It,Push It,Salt 'n Pepa,['Salt-N-Pepa']
9005,60977,0.793103448275862,Fuck tha Police,Fuck Tha Police,N.W.A,['N.W.A.']
9011,61075,0.866666666666667,Free Fallin,Free Fallin',Tom Petty,['Tom Petty']
9024,61134,0.891891891891892,Monkey Gone to Heaven,Monkey Gone to Heaven,Pixies,['Pixies']
17440,96744,0.549019607843137,Nuthin But a G Thang,"Nuthin' But A ""G"" Thang",Dr. Dre,"['Dr. Dre', 'Snoop Dogg']"
9139,62123,0.488372093023256,Big Pimpin,Big Pimpin',Jay-Z Featuring UGK,"['JAY-Z', 'UGK']"
9148,62202,0.833333333333333,Beautiful Day,Beautiful Day,U2,['U2']
20583,115019,0.894736842105263,Get Ur Freak On,Get Ur Freak On,Missy Elliott,['Missy Elliott']
9184,62586,0.743589743589744,Sunshine of Your Love,Sunshine Of Your Love,Cream,['Cream']
9185,62587,0.888888888888889,Take Me Out,Take Me Out,Franz Ferdinand,['Franz Ferdinand']
9195,62831,0.714285714285714,Louie Louie,Louie Louie,The Kingsmen,['The Kingsmen']
9198,62900,0.511111111111111,Umbrella,Umbrella,Rihanna Featuring Jay-Z,"['Rihanna', 'JAY-Z']"
9751,64513,0.528571428571429,For Your Precious Love,For Your Precious Love,Jerry Butler and The Impressions,['The Impressions']
10799,66974,0.764705882352941,Be My Baby,Be My Baby,The Ronettes,['The Ronettes']
10455,65607,0.8125,Lady Marmalade,Lady Marmalade,LaBelle,['LaBelle']
10538,65904,0.659574468085106,God Save the Queen,God Save the Queen,The Sex Pistols,['Sex Pistols']
10638,66146,0.652173913043478,Dancing Barefoot,Dancing Barefoot,Patti Smith Group,['Patti Smith']
10946,68734,0.631578947368421,Why Do Fools Fall In Love,Why Do Fools Fall in Love,Frankie Lymon and The Teenagers,"['Frankie Lymon', 'die Teenagers']"
12298,72864,0.62,Know You Got Soul,I Know You Got Soul,Eric B. and Rakim,['Eric B. & Rakim']
16396,91326,0.822222222222222,Leader of the Pack,Leader Of The Pack,The Shangri-Las,['The Shangri-Las']
13757,78007,0.4,Good Times,Good Times - 2018 Remaster,Chic,['CHIC']
18583,103938,0.666666666666667,Maybe,Maybe,The Chantels,['The Chantels']
